{"count":1,"self":16.5875664,"total":59.5810185,"children":{"InitializeActuators":{"count":20,"self":0.0010114,"total":0.0010114,"children":null},"InitializeSensors":{"count":20,"self":0.0015501999999999998,"total":0.0015501999999999998,"children":null},"AgentSendState":{"count":28401,"self":0.20241379999999998,"total":0.9147019,"children":{"CollectObservations":{"count":113620,"self":0.072946799999999992,"total":0.072946799999999992,"children":null},"WriteActionMask":{"count":113620,"self":0.0301575,"total":0.0301575,"children":null},"RequestDecision":{"count":113620,"self":0.1554997,"total":0.60918379999999994,"children":{"AgentInfo.ToProto":{"count":113620,"self":0.1155669,"total":0.4536841,"children":{"GenerateSensorData":{"count":113620,"self":0.3381172,"total":0.3381172,"children":null}}}}}}},"DecideAction":{"count":28401,"self":41.8245952,"total":41.8245961,"children":null},"AgentAct":{"count":28401,"self":0.24074769999999998,"total":0.2432551,"children":{"AgentInfo.ToProto":{"count":406,"self":0.0020001,"total":0.0025074,"children":{"GenerateSensorData":{"count":406,"self":0.0005073,"total":0.0005073,"children":null}}}}},"AgentInfo.ToProto":{"count":778,"self":0.002509,"total":0.0068211999999999995,"children":{"GenerateSensorData":{"count":778,"self":0.0043121999999999995,"total":0.0043121999999999995,"children":null}}}},"gauges":{"MoveToGoalAgent.CumulativeReward":{"count":1184,"max":1,"min":-1,"runningAverage":0.116554186,"value":1,"weightedAverage":0.8579637}},"metadata":{"timer_format_version":"0.1.0","start_time_seconds":"1713898777","unity_version":"2023.2.19f1","command_line_arguments":"C:\\Program Files\\Unity\\Hub\\Editor\\2023.2.19f1\\Editor\\Unity.exe -projectpath C:\\Users\\Kilian\\Documents\\GitHub\\ml-agents\\Project -useHub -hubIPC -cloudEnvironment production","communication_protocol_version":"1.5.0","com.unity.ml-agents_version":"3.0.0-exp.1","scene_name":"Basic","end_time_seconds":"1713898837"}}