{
    "name": "root",
    "gauges": {
        "MoveToGoalAgent.Policy.Entropy.mean": {
            "value": 1.391814112663269,
            "min": 1.391814112663269,
            "max": 1.4115276336669922,
            "count": 2
        },
        "MoveToGoalAgent.Policy.Entropy.sum": {
            "value": 69395.8515625,
            "min": 69395.8515625,
            "max": 71479.7578125,
            "count": 2
        },
        "MoveToGoalAgent.Environment.EpisodeLength.mean": {
            "value": 133.98391420911528,
            "min": 103.23126338329764,
            "max": 133.98391420911528,
            "count": 2
        },
        "MoveToGoalAgent.Environment.EpisodeLength.sum": {
            "value": 49976.0,
            "min": 48209.0,
            "max": 49976.0,
            "count": 2
        },
        "MoveToGoalAgent.Step.mean": {
            "value": 99985.0,
            "min": 49956.0,
            "max": 99985.0,
            "count": 2
        },
        "MoveToGoalAgent.Step.sum": {
            "value": 99985.0,
            "min": 49956.0,
            "max": 99985.0,
            "count": 2
        },
        "MoveToGoalAgent.Policy.ExtrinsicValueEstimate.mean": {
            "value": 0.26266926527023315,
            "min": 0.26266926527023315,
            "max": 0.3019309639930725,
            "count": 2
        },
        "MoveToGoalAgent.Policy.ExtrinsicValueEstimate.sum": {
            "value": 279.7427673339844,
            "min": 279.7427673339844,
            "max": 322.16033935546875,
            "count": 2
        },
        "MoveToGoalAgent.Environment.CumulativeReward.mean": {
            "value": 0.3485254691689008,
            "min": -0.6167023554603854,
            "max": 0.3485254691689008,
            "count": 2
        },
        "MoveToGoalAgent.Environment.CumulativeReward.sum": {
            "value": 130.0,
            "min": -288.0,
            "max": 130.0,
            "count": 2
        },
        "MoveToGoalAgent.Policy.ExtrinsicReward.mean": {
            "value": 0.3485254691689008,
            "min": -0.6167023554603854,
            "max": 0.3485254691689008,
            "count": 2
        },
        "MoveToGoalAgent.Policy.ExtrinsicReward.sum": {
            "value": 130.0,
            "min": -288.0,
            "max": 130.0,
            "count": 2
        },
        "MoveToGoalAgent.Losses.PolicyLoss.mean": {
            "value": 0.024551033265112588,
            "min": 0.02259241299664912,
            "max": 0.024551033265112588,
            "count": 2
        },
        "MoveToGoalAgent.Losses.PolicyLoss.sum": {
            "value": 0.12275516632556294,
            "min": 0.09036965198659648,
            "max": 0.12275516632556294,
            "count": 2
        },
        "MoveToGoalAgent.Losses.ValueLoss.mean": {
            "value": 0.0041457919791961706,
            "min": 0.0041457919791961706,
            "max": 0.10190849210290859,
            "count": 2
        },
        "MoveToGoalAgent.Losses.ValueLoss.sum": {
            "value": 0.020728959895980854,
            "min": 0.020728959895980854,
            "max": 0.40763396841163435,
            "count": 2
        },
        "MoveToGoalAgent.Policy.LearningRate.mean": {
            "value": 0.00025681597439467993,
            "min": 0.00025681597439467993,
            "max": 0.00028458390513870003,
            "count": 2
        },
        "MoveToGoalAgent.Policy.LearningRate.sum": {
            "value": 0.0012840798719733996,
            "min": 0.0011383356205548001,
            "max": 0.0012840798719733996,
            "count": 2
        },
        "MoveToGoalAgent.Policy.Epsilon.mean": {
            "value": 0.18560532000000002,
            "min": 0.18560532000000002,
            "max": 0.19486130000000002,
            "count": 2
        },
        "MoveToGoalAgent.Policy.Epsilon.sum": {
            "value": 0.9280266000000001,
            "min": 0.7794452000000001,
            "max": 0.9280266000000001,
            "count": 2
        },
        "MoveToGoalAgent.Policy.Beta.mean": {
            "value": 0.004281705468,
            "min": 0.004281705468,
            "max": 0.004743578869999999,
            "count": 2
        },
        "MoveToGoalAgent.Policy.Beta.sum": {
            "value": 0.02140852734,
            "min": 0.018974315479999997,
            "max": 0.02140852734,
            "count": 2
        },
        "MoveToGoalAgent.IsTraining.mean": {
            "value": 1.0,
            "min": 1.0,
            "max": 1.0,
            "count": 2
        },
        "MoveToGoalAgent.IsTraining.sum": {
            "value": 1.0,
            "min": 1.0,
            "max": 1.0,
            "count": 2
        }
    },
    "metadata": {
        "timer_format_version": "0.1.0",
        "start_time_seconds": "1713898775",
        "python_version": "3.8.19 (default, Mar 20 2024, 19:55:45) [MSC v.1916 64 bit (AMD64)]",
        "command_line_arguments": "C:\\Users\\Kilian\\miniconda3\\envs\\ml-agents\\Scripts\\mlagents-learn --force",
        "mlagents_version": "0.30.0",
        "mlagents_envs_version": "0.30.0",
        "communication_protocol_version": "1.5.0",
        "pytorch_version": "2.2.2",
        "numpy_version": "1.19.5",
        "end_time_seconds": "1713898898"
    },
    "total": 122.9961277,
    "count": 1,
    "self": 0.004387499999992883,
    "children": {
        "run_training.setup": {
            "total": 0.018684500000000215,
            "count": 1,
            "self": 0.018684500000000215
        },
        "TrainerController.start_learning": {
            "total": 122.9730557,
            "count": 1,
            "self": 0.10478709999992475,
            "children": {
                "TrainerController._reset_env": {
                    "total": 3.0485558,
                    "count": 1,
                    "self": 3.0485558
                },
                "TrainerController.advance": {
                    "total": 119.78285240000007,
                    "count": 6540,
                    "self": 0.10554190000000574,
                    "children": {
                        "env_step": {
                            "total": 98.73944580000008,
                            "count": 6540,
                            "self": 95.08961839999981,
                            "children": {
                                "SubprocessEnvManager._take_step": {
                                    "total": 3.585199500000207,
                                    "count": 6540,
                                    "self": 0.2921278000002685,
                                    "children": {
                                        "TorchPolicy.evaluate": {
                                            "total": 3.2930716999999383,
                                            "count": 5677,
                                            "self": 3.2930716999999383
                                        }
                                    }
                                },
                                "workers": {
                                    "total": 0.06462790000007335,
                                    "count": 6539,
                                    "self": 0.0,
                                    "children": {
                                        "worker_root": {
                                            "total": 58.69013109999999,
                                            "count": 6539,
                                            "is_parallel": true,
                                            "self": 31.721149900000107,
                                            "children": {
                                                "steps_from_proto": {
                                                    "total": 0.00034780000000012024,
                                                    "count": 1,
                                                    "is_parallel": true,