{
    "name": "root",
    "gauges": {
        "MoveToGoalAgent.Policy.Entropy.mean": {
            "value": 1.3169609308242798,
            "min": 1.3169609308242798,
            "max": 1.4110585451126099,
            "count": 10
        },
        "MoveToGoalAgent.Policy.Entropy.sum": {
            "value": 66585.546875,
            "min": 65166.328125,
            "max": 71399.5625,
            "count": 10
        },
        "MoveToGoalAgent.Environment.EpisodeLength.mean": {
            "value": 198.42448979591836,
            "min": 63.203457446808514,
            "max": 199.0,
            "count": 10
        },
        "MoveToGoalAgent.Environment.EpisodeLength.sum": {
            "value": 48614.0,
            "min": 47529.0,
            "max": 51695.0,
            "count": 10
        },
        "MoveToGoalAgent.Step.mean": {
            "value": 499997.0,
            "min": 49945.0,
            "max": 499997.0,
            "count": 10
        },
        "MoveToGoalAgent.Step.sum": {
            "value": 499997.0,
            "min": 49945.0,
            "max": 499997.0,
            "count": 10
        },
        "MoveToGoalAgent.Policy.ExtrinsicValueEstimate.mean": {
            "value": -0.000997557770460844,
            "min": -0.10796461999416351,
            "max": -0.000997557770460844,
            "count": 10
        },
        "MoveToGoalAgent.Policy.ExtrinsicValueEstimate.sum": {
            "value": -1.0055382251739502,
            "min": -123.32049560546875,
            "max": -1.0055382251739502,
            "count": 10
        },
        "MoveToGoalAgent.Environment.CumulativeReward.mean": {
            "value": -0.0038461538461538464,
            "min": -0.8909574468085106,
            "max": 0.0,
            "count": 10
        },
        "MoveToGoalAgent.Environment.CumulativeReward.sum": {
            "value": -1.0,
            "min": -670.0,
            "max": 0.0,
            "count": 10
        },
        "MoveToGoalAgent.Policy.ExtrinsicReward.mean": {
            "value": -0.0038461538461538464,
            "min": -0.8909574468085106,
            "max": 0.0,
            "count": 10
        },
        "MoveToGoalAgent.Policy.ExtrinsicReward.sum": {
            "value": -1.0,
            "min": -670.0,
            "max": 0.0,
            "count": 10
        },
        "MoveToGoalAgent.Losses.PolicyLoss.mean": {
            "value": 0.023897733436121296,
            "min": 0.021403934832972784,
            "max": 0.02801657258629954,
            "count": 10
        },
        "MoveToGoalAgent.Losses.PolicyLoss.sum": {
            "value": 0.11948866718060648,
            "min": 0.0926100421968537,
            "max": 0.12959366987536972,
            "count": 10
        },
        "MoveToGoalAgent.Losses.ValueLoss.mean": {
            "value": 0.0001972310038278617,
            "min": 3.513302692833046e-05,
            "max": 0.05933097142260522,
            "count": 10
        },
        "MoveToGoalAgent.Losses.ValueLoss.sum": {
            "value": 0.0009861550191393085,
            "min": 0.00016100541785514605,
            "max": 0.23732388569042087,
            "count": 10
        },
        "MoveToGoalAgent.Policy.LearningRate.mean": {
            "value": 1.4015495328199996e-05,
            "min": 1.4015495328199996e-05,
            "max": 0.00028459065513645,
            "count": 10
        },
        "MoveToGoalAgent.Policy.LearningRate.sum": {
            "value": 7.007747664099998e-05,
            "min": 7.007747664099998e-05,
            "max": 0.0012839124720292,
            "count": 10
        },
        "MoveToGoalAgent.Policy.Epsilon.mean": {
            "value": 0.10467180000000001,
            "min": 0.10467180000000001,
            "max": 0.19486355000000005,
            "count": 10
        },
        "MoveToGoalAgent.Policy.Epsilon.sum": {
            "value": 0.523359,
            "min": 0.499744,
            "max": 0.9279708000000001,
            "count": 10
        },
        "MoveToGoalAgent.Policy.Beta.mean": {
            "value": 0.00024312282000000002,
            "min": 0.00024312282000000002,
            "max": 0.004743691145000001,
            "count": 10
        },
        "MoveToGoalAgent.Policy.Beta.sum": {
            "value": 0.0012156141,
            "min": 0.0012156141,
            "max": 0.021405742919999998,
            "count": 10
        },
        "MoveToGoalAgent.IsTraining.mean": {
            "value": 1.0,
            "min": 1.0,
            "max": 1.0,
            "count": 10
        },
        "MoveToGoalAgent.IsTraining.sum": {
            "value": 1.0,
            "min": 1.0,
            "max": 1.0,
            "count": 10
        }
    },
    "metadata": {
        "timer_format_version": "0.1.0",
        "start_time_seconds": "1714150399",
        "python_version": "3.8.19 (default, Mar 20 2024, 19:55:45) [MSC v.1916 64 bit (AMD64)]",
        "command_line_arguments": "C:\\Users\\Kilian\\miniconda3\\envs\\ml-agents\\Scripts\\mlagents-learn --force",
        "mlagents_version": "0.30.0",
        "mlagents_envs_version": "0.30.0",
        "communication_protocol_version": "1.5.0",
        "pytorch_version": "2.3.0",
        "numpy_version": "1.19.5",
        "end_time_seconds": "1714150719"
    },
    "total": 319.4689949,
    "count": 1,
    "self": 0.006188199999996868,
    "children": {
        "run_training.setup": {
            "total": 0.02133330000000022,
            "count": 1,
            "self": 0.02133330000000022
        },
        "TrainerController.start_learning": {
            "total": 319.4414734,
            "count": 1,
            "self": 0.40083260000056953,
            "children": {
                "TrainerController._reset_env": {
                    "total": 13.2526039,
                    "count": 1,
                    "self": 13.2526039
                },
                "TrainerController.advance": {
                    "total": 305.76134449999944,
                    "count": 25767,
                    "self": 0.4120980999969106,
                    "children": {
                        "env_step": {
                            "total": 216.16643700000157,
                            "count": 25767,
                            "self": 199.57590800000554,
                            "children": {
                                "SubprocessEnvManager._take_step": {
                                    "total": 16.335603399995954,
                                    "count": 25769,
                                    "self": 1.2856863999975516,
                                    "children": {
                                        "TorchPolicy.evaluate": {
                                            "total": 15.049916999998402,
                                            "count": 25113,
                                            "self": 15.049916999998402
                                        }
                                    }
                                },
                                "workers": {
                                    "total": 0.25492560000008346,
                                    "count": 25767,
                                    "self": 0.0,
                                    "children": {
                                        "worker_root": {
                                            "total": 243.64766000000384,
                                            "count": 25767,
                                            "is_parallel": true,
                                            "self": 132.16102600000414,
                                            "children": {
                                                "steps_from_proto": {
                                                    "total": 0.0016147000000010792,
                                                    "count": 3,
                                                    "is_parallel": true,