{
    "name": "root",
    "metadata": {
        "timer_format_version": "0.1.0",
        "start_time_seconds": "1713897873",
        "python_version": "3.8.19 (default, Mar 20 2024, 19:55:45) [MSC v.1916 64 bit (AMD64)]",
        "command_line_arguments": "C:\\Users\\Kilian\\miniconda3\\envs\\ml-agents\\Scripts\\mlagents-learn --force",
        "mlagents_version": "0.30.0",
        "mlagents_envs_version": "0.30.0",
        "communication_protocol_version": "1.5.0",
        "pytorch_version": "2.2.2",
        "numpy_version": "1.19.5",
        "end_time_seconds": "1713897964"
    },
    "total": 90.902861,
    "count": 1,
    "self": 0.004570700000002148,
    "children": {
        "run_training.setup": {
            "total": 0.01967300000000005,
            "count": 1,
            "self": 0.01967300000000005
        },
        "TrainerController.start_learning": {
            "total": 90.8786173,
            "count": 1,
            "self": 0.08043960000006223,
            "children": {
                "TrainerController._reset_env": {
                    "total": 2.7373757999999997,
                    "count": 1,
                    "self": 2.7373757999999997
                },
                "TrainerController.advance": {
                    "total": 88.02318049999994,
                    "count": 6269,
                    "self": 0.07607310000005896,
                    "children": {
                        "env_step": {
                            "total": 87.53899419999996,
                            "count": 6269,
                            "self": 84.18455809999989,
                            "children": {
                                "SubprocessEnvManager._take_step": {
                                    "total": 3.300656999999961,
                                    "count": 6269,
                                    "self": 0.24294599999991018,
                                    "children": {
                                        "TorchPolicy.evaluate": {
                                            "total": 3.057711000000051,
                                            "count": 6214,
                                            "self": 3.057711000000051
                                        }
                                    }
                                },
                                "workers": {
                                    "total": 0.053779100000117985,
                                    "count": 6268,
                                    "self": 0.0,
                                    "children": {
                                        "worker_root": {
                                            "total": 27.018054899999942,
                                            "count": 6268,
                                            "is_parallel": true,
                                            "self": 8.142469799999912,
                                            "children": {
                                                "steps_from_proto": {
                                                    "total": 0.0001900999999997488,
                                                    "count": 1,
                                                    "is_parallel": true,
                                                    "self": 8.35999999995174e-05,
                                                    "children": {
                                                        "_process_rank_one_or_two_observation": {
                                                            "total": 0.00010650000000023141,
                                                            "count": 2,
                                                            "is_parallel": true,
                                                            "self": 0.00010650000000023141
                                                        }
                                                    }
                                                },
                                                "UnityEnvironment.step": {
                                                    "total": 18.87539500000003,
                                                    "count": 6268,
                                                    "is_parallel": true,
                                                    "self": 0.31818140000000383,
                                                    "children": {
                                                        "UnityEnvironment._generate_step_input": {
                                                            "total": 0.25544080000001923,
                                                            "count": 6268,
                                                            "is_parallel": true,
                                                            "self": 0.25544080000001923
                                                        },
                                                        "communicator.exchange": {
                                                            "total": 17.52337160000007,
                                                            "count": 6268,
                                                            "is_parallel": true,
                                                            "self": 17.52337160000007
                                                        },
                                                        "steps_from_proto": {
                                                            "total": 0.7784011999999358,
                                                            "count": 6268,
                                                            "is_parallel": true,
                                                            "self": 0.3605660999999589,
                                                            "children": {
                                                                "_process_rank_one_or_two_observation": {
                                                                    "total": 0.4178350999999769,
                                                                    "count": 12536,
                                                                    "is_parallel": true,
                                                                    "self": 0.4178350999999769
                                                                }
                                                            }
                                                        }
                                                    }
                                                }
                                            }
                                        }
                                    }
                                }
                            }
                        },
                        "trainer_advance": {
                            "total": 0.40811319999992257,
                            "count": 6268,
                            "self": 0.0963483999999939,
                            "children": {
                                "process_trajectory": {
                                    "total": 0.3117647999999287,
                                    "count": 6268,
                                    "self": 0.3117647999999287
                                }
                            }
                        }
                    }
                },
                "TrainerController._save_models": {
                    "total": 0.03762140000000613,
                    "count": 1,
                    "self": 6.490000001235785e-05,
                    "children": {
                        "RLTrainer._checkpoint": {
                            "total": 0.037556499999993775,
                            "count": 1,